generated_index,metric,rank,real_slice_index,score
0,PSNR,1,3726,21.7655
0,PSNR,2,3728,21.6140
0,PSNR,3,3732,21.5001
0,SSIM,1,11738,0.6895
0,SSIM,2,11739,0.6895
0,SSIM,3,11736,0.6828
1,PSNR,1,18907,21.5190
1,PSNR,2,18913,21.4317
1,PSNR,3,18901,21.2711
1,SSIM,1,10009,0.6098
1,SSIM,2,10003,0.6087
1,SSIM,3,10015,0.6055
2,PSNR,1,21001,19.9269
2,PSNR,2,20995,19.7912
2,PSNR,3,21007,19.4825
2,SSIM,1,11775,0.6675
2,SSIM,2,11774,0.6650
2,SSIM,3,11772,0.6546
3,PSNR,1,18697,22.1371
3,PSNR,2,7753,21.4570
3,PSNR,3,7771,21.4180
3,SSIM,1,18697,0.8033
3,SSIM,2,18703,0.7792
3,SSIM,3,18698,0.7653
4,PSNR,1,978,19.1557
4,PSNR,2,984,19.0918
4,PSNR,3,7690,18.9767
4,SSIM,1,19914,0.7196
4,SSIM,2,19926,0.7187
4,SSIM,3,7687,0.7187
5,PSNR,1,1256,27.8126
5,PSNR,2,974,27.7016
5,PSNR,3,1112,27.6664
5,SSIM,1,1254,0.8356
5,SSIM,2,1112,0.8304
5,SSIM,3,1256,0.8291
6,PSNR,1,1077,27.9058
6,PSNR,2,1078,27.8809
6,PSNR,3,1076,27.7687
6,SSIM,1,1365,0.8642
6,SSIM,2,1364,0.8562
6,SSIM,3,1366,0.8536
7,PSNR,1,1777,28.5169
7,PSNR,2,1771,28.1566
7,PSNR,3,1783,28.1389
7,SSIM,1,1777,0.7678
7,SSIM,2,1771,0.7638
7,SSIM,3,1778,0.7590
8,PSNR,1,9277,22.8616
8,PSNR,2,9283,22.4721
8,PSNR,3,2115,22.4193
8,SSIM,1,5505,0.6751
8,SSIM,2,9277,0.6750
8,SSIM,3,5517,0.6744
9,PSNR,1,2323,23.0703
9,PSNR,2,2329,22.4870
9,PSNR,3,2317,22.4406
9,SSIM,1,21109,0.6861
9,SSIM,2,21283,0.6808
9,SSIM,3,20701,0.6781
10,PSNR,1,2509,29.0354
10,PSNR,2,2515,28.1616
10,PSNR,3,2503,27.1984
10,SSIM,1,21013,0.7690
10,SSIM,2,21019,0.7652
10,SSIM,3,21025,0.7433
11,PSNR,1,13267,21.7695
11,PSNR,2,18907,21.4828
11,PSNR,3,18901,21.4808
11,SSIM,1,13267,0.6899
11,SSIM,2,13261,0.6867
11,SSIM,3,15223,0.6794
12,PSNR,1,13267,21.0054
12,PSNR,2,18870,20.7481
12,PSNR,3,18876,20.6627
12,SSIM,1,13267,0.6354
12,SSIM,2,21031,0.6335
12,SSIM,3,15205,0.6333
13,PSNR,1,3034,22.2243
13,PSNR,2,3032,21.9632
13,PSNR,3,3038,21.8260
13,SSIM,1,3031,0.6685
13,SSIM,2,3025,0.6507
13,SSIM,3,3037,0.6432
14,PSNR,1,3169,25.8025
14,PSNR,2,3175,24.7637
14,PSNR,3,3176,23.4073
14,SSIM,1,3169,0.8055
14,SSIM,2,3175,0.7874
14,SSIM,3,3163,0.7405
15,PSNR,1,9277,24.7154
15,PSNR,2,9283,24.1568
15,PSNR,3,15046,23.6218
15,SSIM,1,9277,0.7787
15,SSIM,2,9283,0.7693
15,SSIM,3,15067,0.7579
16,PSNR,1,11928,20.3421
16,PSNR,2,11934,20.3324
16,PSNR,3,11943,20.3001
16,SSIM,1,10094,0.5959
16,SSIM,2,10113,0.5954
16,SSIM,3,10111,0.5942
17,PSNR,1,1725,22.0457
17,PSNR,2,1719,21.7988
17,PSNR,3,6337,21.5290
17,SSIM,1,16051,0.7683
17,SSIM,2,16045,0.7660
17,SSIM,3,6319,0.7652
18,PSNR,1,4843,23.5809
18,PSNR,2,4837,21.9396
18,PSNR,3,4845,21.6732
18,SSIM,1,4842,0.6320
18,SSIM,2,4845,0.6219
18,SSIM,3,4847,0.5955
19,PSNR,1,6877,21.0846
19,PSNR,2,6880,20.7799
19,PSNR,3,6859,20.7244
19,SSIM,1,6877,0.6431
19,SSIM,2,5630,0.6416
19,SSIM,3,5632,0.6414
20,PSNR,1,6337,28.7481
20,PSNR,2,6331,27.0196
20,PSNR,3,6338,26.2939
20,SSIM,1,6337,0.8245
20,SSIM,2,6338,0.7907
20,SSIM,3,6336,0.7844
21,PSNR,1,6721,22.4030
21,PSNR,2,6715,22.2314
21,PSNR,3,6727,21.8353
21,SSIM,1,7957,0.6655
21,SSIM,2,7975,0.6625
21,SSIM,3,7969,0.6599
22,PSNR,1,6715,22.2382
22,PSNR,2,6721,21.9855
22,PSNR,3,6709,21.7649
22,SSIM,1,7969,0.6875
22,SSIM,2,7957,0.6855
22,SSIM,3,7963,0.6825
23,PSNR,1,6716,21.4630
23,PSNR,2,6714,21.3473
23,PSNR,3,6718,21.3050
23,SSIM,1,7969,0.6255
23,SSIM,2,7963,0.6145
23,SSIM,3,7975,0.6136
24,PSNR,1,15225,22.4789
24,PSNR,2,15224,22.3477
24,PSNR,3,15223,22.3025
24,SSIM,1,15223,0.6982
24,SSIM,2,15229,0.6972
24,SSIM,3,15217,0.6965
25,PSNR,1,15227,21.1688
25,PSNR,2,15225,21.1484
25,PSNR,3,15224,21.1382
25,SSIM,1,12973,0.6703
25,SSIM,2,5582,0.6653
25,SSIM,3,5589,0.6652
26,PSNR,1,7145,23.2157
26,PSNR,2,7151,23.1504
26,PSNR,3,7144,22.8103
26,SSIM,1,14461,0.6850
26,SSIM,2,6313,0.6634
26,SSIM,3,6319,0.6605
27,PSNR,1,7277,21.9590
27,PSNR,2,7278,21.7711
27,PSNR,3,7271,21.5869
27,SSIM,1,6319,0.6465
27,SSIM,2,16039,0.6461
27,SSIM,3,16045,0.6447
28,PSNR,1,14983,19.4854
28,PSNR,2,14989,19.3638
28,PSNR,3,14977,19.3168
28,SSIM,1,20797,0.5796
28,SSIM,2,20803,0.5737
28,SSIM,3,20791,0.5632
29,PSNR,1,7321,23.0977
29,PSNR,2,7318,23.0903
29,PSNR,3,7327,23.0054
29,SSIM,1,12421,0.6157
29,SSIM,2,12415,0.6152
29,SSIM,3,12409,0.6027
30,PSNR,1,7826,26.9844
30,PSNR,2,7820,26.2572
30,PSNR,3,7827,26.1476
30,SSIM,1,7820,0.8190
30,SSIM,2,7826,0.8156
30,SSIM,3,7825,0.8106
31,PSNR,1,8389,26.6746
31,PSNR,2,8395,25.6175
31,PSNR,3,8383,25.5881
31,SSIM,1,8389,0.8102
31,SSIM,2,8383,0.7888
31,SSIM,3,3775,0.7810
32,PSNR,1,8526,25.4918
32,PSNR,2,8520,24.9817
32,PSNR,3,8531,24.6050
32,SSIM,1,8526,0.7645
32,SSIM,2,8520,0.7204
32,SSIM,3,8531,0.7085
33,PSNR,1,19687,23.3926
33,PSNR,2,19831,22.9146
33,PSNR,3,19825,22.9115
33,SSIM,1,19687,0.7149
33,SSIM,2,19681,0.7132
33,SSIM,3,19063,0.7069
34,PSNR,1,8748,21.8868
34,PSNR,2,8742,21.8431
34,PSNR,3,8750,21.7171
34,SSIM,1,8742,0.6448
34,SSIM,2,8748,0.6353
34,SSIM,3,8753,0.6152
35,PSNR,1,8131,22.3563
35,PSNR,2,8137,22.3319
35,PSNR,3,8095,22.1442
35,SSIM,1,18697,0.7077
35,SSIM,2,18703,0.7048
35,SSIM,3,18709,0.6991
36,PSNR,1,5806,22.2419
36,PSNR,2,5812,22.2323
36,PSNR,3,5818,22.1647
36,SSIM,1,18757,0.7384
36,SSIM,2,5775,0.7349
36,SSIM,3,5769,0.7344
37,PSNR,1,15935,22.3572
37,PSNR,2,15893,22.2513
37,PSNR,3,15875,22.2274
37,SSIM,1,7873,0.6970
37,SSIM,2,7879,0.6942
37,SSIM,3,7885,0.6929
38,PSNR,1,9474,25.8907
38,PSNR,2,9479,25.3998
38,PSNR,3,9468,24.6031
38,SSIM,1,9474,0.7700
38,SSIM,2,9468,0.7263
38,SSIM,3,9476,0.7254
39,PSNR,1,9504,25.6718
39,PSNR,2,9506,24.4305
39,PSNR,3,9512,24.1130
39,SSIM,1,9504,0.7681
39,SSIM,2,9506,0.7600
39,SSIM,3,9508,0.7079
40,PSNR,1,11863,22.6505
40,PSNR,2,11858,22.5531
40,PSNR,3,7645,22.4860
40,SSIM,1,20719,0.7105
40,SSIM,2,20725,0.7010
40,SSIM,3,20707,0.6965
41,PSNR,1,9939,25.0855
41,PSNR,2,9945,24.3919
41,PSNR,3,9958,24.3905
41,SSIM,1,9937,0.7605
41,SSIM,2,9939,0.7438
41,SSIM,3,9940,0.7278
42,PSNR,1,10010,24.4313
42,PSNR,2,10012,24.1423
42,PSNR,3,10021,24.1329
42,SSIM,1,10012,0.7732
42,SSIM,2,10010,0.7667
42,SSIM,3,10018,0.7604
43,PSNR,1,10052,28.2842
43,PSNR,2,10051,28.2098
43,PSNR,3,10063,27.8607
43,SSIM,1,10052,0.8475
43,SSIM,2,10055,0.8241
43,SSIM,3,10046,0.8214
44,PSNR,1,7889,21.4469
44,PSNR,2,7895,21.4076
44,PSNR,3,7903,21.3930
44,SSIM,1,9967,0.5969
44,SSIM,2,9979,0.5946
44,SSIM,3,9973,0.5945
45,PSNR,1,10405,25.6972
45,PSNR,2,10393,25.4027
45,PSNR,3,10411,24.8837
45,SSIM,1,10399,0.7893
45,SSIM,2,10405,0.7823
45,SSIM,3,10411,0.7498
46,PSNR,1,10491,24.8981
46,PSNR,2,10489,24.8225
46,PSNR,3,10490,24.7552
46,SSIM,1,10489,0.8070
46,SSIM,2,10483,0.7968
46,SSIM,3,10495,0.7671
47,PSNR,1,11047,22.7909
47,PSNR,2,11049,22.7123
47,PSNR,3,11053,22.5545
47,SSIM,1,11046,0.7440
47,SSIM,2,11052,0.7133
47,SSIM,3,11048,0.7102
48,PSNR,1,2290,20.3297
48,PSNR,2,16249,20.3205
48,PSNR,3,2284,20.3106
48,SSIM,1,16237,0.5431
48,SSIM,2,20725,0.5408
48,SSIM,3,9961,0.5407
49,PSNR,1,14963,19.7039
49,PSNR,2,14969,19.5471
49,PSNR,3,14961,19.4737
49,SSIM,1,16171,0.5664
49,SSIM,2,16177,0.5579
49,SSIM,3,16165,0.5550
50,PSNR,1,16033,22.6942
50,PSNR,2,6409,22.6196
50,PSNR,3,6415,22.4842
50,SSIM,1,16027,0.7246
50,SSIM,2,16021,0.7181
50,SSIM,3,16033,0.7136
51,PSNR,1,9762,22.7314
51,PSNR,2,9765,22.5648
51,PSNR,3,9771,22.5306
51,SSIM,1,19471,0.5958
51,SSIM,2,19477,0.5932
51,SSIM,3,11419,0.5793
52,PSNR,1,9631,20.8578
52,PSNR,2,11536,20.7398
52,PSNR,3,9637,20.6649
52,SSIM,1,11533,0.6970
52,SSIM,2,11539,0.6967
52,SSIM,3,11545,0.6935
53,PSNR,1,13024,22.1577
53,PSNR,2,13022,22.0357
53,PSNR,3,13030,21.8765
53,SSIM,1,11682,0.6632
53,SSIM,2,5577,0.6358
53,SSIM,3,5571,0.6354
54,PSNR,1,11991,23.2635
54,PSNR,2,11992,22.2564
54,PSNR,3,11990,22.1766
54,SSIM,1,11991,0.6937
54,SSIM,2,11989,0.6782
54,SSIM,3,11995,0.6748
55,PSNR,1,21289,21.0422
55,PSNR,2,21292,20.7577
55,PSNR,3,21295,20.7117
55,SSIM,1,21289,0.5791
55,SSIM,2,21271,0.5780
55,SSIM,3,21283,0.5741
56,PSNR,1,12283,25.2153
56,PSNR,2,12277,25.0449
56,PSNR,3,12271,24.7921
56,SSIM,1,7885,0.7260
56,SSIM,2,7939,0.7259
56,SSIM,3,7933,0.7251
57,PSNR,1,12626,23.4802
57,PSNR,2,12620,23.3026
57,PSNR,3,12628,23.2338
57,SSIM,1,12626,0.6626
57,SSIM,2,12628,0.6481
57,SSIM,3,12624,0.6204
58,PSNR,1,12637,25.8271
58,PSNR,2,12659,24.9387
58,PSNR,3,12655,24.6693
58,SSIM,1,7885,0.7194
58,SSIM,2,7867,0.7178
58,SSIM,3,7873,0.7131
59,PSNR,1,12762,22.1646
59,PSNR,2,12756,21.3115
59,PSNR,3,12764,21.2977
59,SSIM,1,12762,0.6352
59,SSIM,2,11774,0.6317
59,SSIM,3,11775,0.6303
60,PSNR,1,5584,22.1571
60,PSNR,2,5588,22.1525
60,PSNR,3,5582,22.1428
60,SSIM,1,12864,0.7054
60,SSIM,2,12859,0.7049
60,SSIM,3,12865,0.6988
61,PSNR,1,10756,20.8482
61,PSNR,2,5539,20.7067
61,PSNR,3,10753,20.6088
61,SSIM,1,10753,0.7342
61,SSIM,2,10759,0.7331
61,SSIM,3,12973,0.7303
62,PSNR,1,5589,22.5031
62,PSNR,2,5569,22.3853
62,PSNR,3,5563,22.3837
62,SSIM,1,5565,0.7290
62,SSIM,2,5589,0.7264
62,SSIM,3,5577,0.7238
63,PSNR,1,5581,21.4153
63,PSNR,2,5587,21.3937
63,PSNR,3,5575,21.3913
63,SSIM,1,5589,0.6763
63,SSIM,2,5577,0.6737
63,SSIM,3,5583,0.6721
64,PSNR,1,10375,22.7708
64,PSNR,2,12289,22.2683
64,PSNR,3,12283,22.1600
64,SSIM,1,13279,0.7355
64,SSIM,2,13285,0.7340
64,SSIM,3,13291,0.7309
65,PSNR,1,2461,21.3576
65,PSNR,2,2455,21.2577
65,PSNR,3,21025,21.2497
65,SSIM,1,21019,0.7577
65,SSIM,2,21025,0.7553
65,SSIM,3,3595,0.7535
66,PSNR,1,11682,21.3817
66,PSNR,2,7889,21.3580
66,PSNR,3,7895,21.1277
66,SSIM,1,11682,0.7336
66,SSIM,2,3775,0.7091
66,SSIM,3,3649,0.7030
67,PSNR,1,14115,21.6369
67,PSNR,2,14121,21.3009
67,PSNR,3,14114,21.2117
67,SSIM,1,14118,0.5777
67,SSIM,2,14121,0.5756
67,SSIM,3,14120,0.5719
68,PSNR,1,14527,24.9224
68,PSNR,2,14509,24.6052
68,PSNR,3,14503,24.4836
68,SSIM,1,14529,0.7016
68,SSIM,2,14507,0.7004
68,SSIM,3,14513,0.6997
69,PSNR,1,15157,26.0806
69,PSNR,2,15158,24.8535
69,PSNR,3,15163,24.6936
69,SSIM,1,15157,0.8005
69,SSIM,2,15158,0.7777
69,SSIM,3,15163,0.7617
70,PSNR,1,15253,22.6378
70,PSNR,2,15259,22.5046
70,PSNR,3,15283,22.4825
70,SSIM,1,15265,0.7531
70,SSIM,2,15271,0.7498
70,SSIM,3,15277,0.7488
71,PSNR,1,16021,27.2958
71,PSNR,2,16024,26.9417
71,PSNR,3,16027,26.9212
71,SSIM,1,16021,0.8034
71,SSIM,2,16027,0.7889
71,SSIM,3,16033,0.7743
72,PSNR,1,16033,27.5407
72,PSNR,2,16039,27.2951
72,PSNR,3,16045,27.2339
72,SSIM,1,16039,0.8530
72,SSIM,2,16045,0.8403
72,SSIM,3,16033,0.8255
73,PSNR,1,16612,23.0989
73,PSNR,2,16609,22.5788
73,PSNR,3,16603,21.8827
73,SSIM,1,16609,0.7202
73,SSIM,2,16603,0.7042
73,SSIM,3,16610,0.6595
74,PSNR,1,16717,25.2410
74,PSNR,2,16711,24.4243
74,PSNR,3,16723,24.3688
74,SSIM,1,6169,0.6545
74,SSIM,2,6175,0.6465
74,SSIM,3,6163,0.6457
75,PSNR,1,18870,20.6188
75,PSNR,2,18871,20.5714
75,PSNR,3,8995,20.4185
75,SSIM,1,21031,0.5672
75,SSIM,2,10009,0.5608
75,SSIM,3,10015,0.5608
76,PSNR,1,17095,27.8545
76,PSNR,2,17098,26.9305
76,PSNR,3,17089,26.4629
76,SSIM,1,17095,0.8511
76,SSIM,2,17089,0.8236
76,SSIM,3,17101,0.8123
77,PSNR,1,17569,23.5240
77,PSNR,2,17575,23.3655
77,PSNR,3,17551,22.9716
77,SSIM,1,17569,0.7645
77,SSIM,2,17575,0.7566
77,SSIM,3,17563,0.7417
78,PSNR,1,8869,22.7798
78,PSNR,2,8857,22.6885
78,PSNR,3,8875,22.6200
78,SSIM,1,4891,0.7742
78,SSIM,2,4885,0.7711
78,SSIM,3,4879,0.7650
79,PSNR,1,7499,21.9000
79,PSNR,2,12629,21.8423
79,PSNR,3,7495,21.8240
79,SSIM,1,16051,0.7296
79,SSIM,2,16045,0.7246
79,SSIM,3,10057,0.7197
80,PSNR,1,13279,20.7032
80,PSNR,2,9018,20.4709
80,PSNR,3,8994,20.4689
80,SSIM,1,13279,0.6336
80,SSIM,2,21271,0.6228
80,SSIM,3,21265,0.6208
81,PSNR,1,7897,22.3944
81,PSNR,2,3567,22.3657
81,PSNR,3,7891,22.3408
81,SSIM,1,3571,0.6498
81,SSIM,2,3577,0.6484
81,SSIM,3,3559,0.6482
82,PSNR,1,19301,22.7946
82,PSNR,2,19297,22.5711
82,PSNR,3,19309,22.5144
82,SSIM,1,7885,0.7446
82,SSIM,2,7891,0.7431
82,SSIM,3,7879,0.7396
83,PSNR,1,19301,23.2991
83,PSNR,2,18937,22.7627
83,PSNR,3,2957,22.7528
83,SSIM,1,7885,0.7588
83,SSIM,2,7891,0.7508
83,SSIM,3,7879,0.7503
84,PSNR,1,15389,22.1023
84,PSNR,2,15375,21.9542
84,PSNR,3,15383,21.7838
84,SSIM,1,529,0.7001
84,SSIM,2,547,0.6964
84,SSIM,3,553,0.6952
85,PSNR,1,19933,30.7786
85,PSNR,2,19932,30.4241
85,PSNR,3,19934,30.2187
85,SSIM,1,19932,0.9084
85,SSIM,2,19926,0.8959
85,SSIM,3,19933,0.8766
86,PSNR,1,19935,31.0705
86,PSNR,2,19934,30.7196
86,PSNR,3,19936,29.9615
86,SSIM,1,19932,0.8810
86,SSIM,2,19926,0.8739
86,SSIM,3,19920,0.8604
87,PSNR,1,2183,21.8762
87,PSNR,2,8299,21.8715
87,PSNR,3,2195,21.8144
87,SSIM,1,15109,0.6943
87,SSIM,2,15103,0.6922
87,SSIM,3,13051,0.6913
88,PSNR,1,11682,20.6742
88,PSNR,2,3775,20.1144
88,PSNR,3,3776,20.0235
88,SSIM,1,11682,0.6469
88,SSIM,2,3775,0.6283
88,SSIM,3,3781,0.6267
89,PSNR,1,20179,24.2593
89,PSNR,2,20181,24.1411
89,PSNR,3,20186,23.8158
89,SSIM,1,20179,0.7425
89,SSIM,2,20185,0.7254
89,SSIM,3,20191,0.7241
90,PSNR,1,20425,25.8390
90,PSNR,2,20426,25.3896
90,PSNR,3,20431,24.5638
90,SSIM,1,20426,0.7529
90,SSIM,2,20425,0.7369
90,SSIM,3,20424,0.7274
91,PSNR,1,2433,22.1072
91,PSNR,2,2434,21.3630
91,PSNR,3,2432,21.3539
91,SSIM,1,20791,0.6615
91,SSIM,2,20785,0.6567
91,SSIM,3,20797,0.6438
92,PSNR,1,21138,26.2080
92,PSNR,2,21141,25.3238
92,PSNR,3,21143,24.5637
92,SSIM,1,21138,0.7740
92,SSIM,2,21141,0.7375
92,SSIM,3,21143,0.7368
93,PSNR,1,1704,20.6327
93,PSNR,2,12035,20.6289
93,PSNR,3,12009,20.5910
93,SSIM,1,6313,0.6031
93,SSIM,2,11251,0.6026
93,SSIM,3,11263,0.6004
94,PSNR,1,12071,20.7085
94,PSNR,2,20273,20.4437
94,PSNR,3,12077,20.4370
94,SSIM,1,22003,0.6713
94,SSIM,2,22027,0.6710
94,SSIM,3,21481,0.6696
95,PSNR,1,15389,22.3262
95,PSNR,2,15388,22.3202
95,PSNR,3,15395,22.2327
95,SSIM,1,21571,0.6702
95,SSIM,2,21565,0.6646
95,SSIM,3,21601,0.6636
96,PSNR,1,21591,18.5244
96,PSNR,2,21590,18.4023
96,PSNR,3,21585,18.2596
96,SSIM,1,21589,0.4887
96,SSIM,2,21583,0.4763
96,SSIM,3,21595,0.4651
97,PSNR,1,21757,21.9299
97,PSNR,2,7867,21.8518
97,PSNR,3,7861,21.8196
97,SSIM,1,21757,0.6896
97,SSIM,2,21763,0.6636
97,SSIM,3,21769,0.6575
98,PSNR,1,6319,21.1101
98,PSNR,2,14869,21.1081
98,PSNR,3,6301,21.0609
98,SSIM,1,6313,0.6998
98,SSIM,2,6319,0.6977
98,SSIM,3,21271,0.6914
99,PSNR,1,1821,20.7834
99,PSNR,2,1827,20.7014
99,PSNR,3,6277,20.6821
99,SSIM,1,16039,0.6715
99,SSIM,2,16045,0.6689
99,SSIM,3,16051,0.6620
